categoria_en,categoria_es
agro_industry_and_commerce,Agroindustria y comercio
air_conditioning,Climatización
art,Arte
arts_and_craftmanship,Artesanía
audio,Audio
auto,Automóvil
baby,Bebé
bed_bath_table,"Cama, baño y mesa"
books_general_interest,Libros de interés general
books_imported,Libros importados
books_technical,Libros técnicos
cds_dvds_musicals,CD y DVD musicales
christmas_supplies,Artículos de Navidad
cine_photo,Cine y fotografía
computers,Ordenadores
computers_accessories,Informática y accesorios
consoles_games,Consolas y videojuegos
construction_tools_construction,Construcción: herramientas
construction_tools_lights,Construcción: iluminación
construction_tools_safety,Construcción: seguridad
cool_stuff,Artículos originales
costruction_tools_garden,Construcción: jardín
costruction_tools_tools,Construcción: utillaje
diapers_and_hygiene,Pañales e higiene
drinks,Bebidas
dvds_blu_ray,DVD y Blu-ray
electronics,Electrónica
fashio_female_clothing,Moda: ropa de mujer
fashion_bags_accessories,Moda: bolsos y accesorios
fashion_childrens_clothes,Moda: ropa infantil
fashion_male_clothing,Moda: ropa de hombre
fashion_shoes,Moda: calzado
fashion_sport,Moda: deporte
fashion_underwear_beach,Moda: ropa interior y baño
fixed_telephony,Telefonía fija
flowers,Flores
food,Alimentación
food_drink,Alimentación y bebidas
furniture_bedroom,Muebles de dormitorio
furniture_decor,Muebles y decoración
furniture_living_room,Muebles de salón
furniture_mattress_and_upholstery,Colchones y tapicería
garden_tools,Herramientas de jardín
health_beauty,Salud y belleza
home_appliances,Electrodomésticos
home_appliances_2,Electrodomésticos 2
home_comfort_2,Confort del hogar 2
home_confort,Confort del hogar
home_construction,Hogar y construcción
housewares,Menaje del hogar
industry_commerce_and_business,Industria y negocios
kitchen_dining_laundry_garden_furniture,"Muebles de cocina, comedor y jardín"
la_cuisine,La Cuisine
luggage_accessories,Maletas y accesorios
market_place,Marketplace
music,Música
musical_instruments,Instrumentos musicales
office_furniture,Muebles de oficina
party_supplies,Artículos de fiesta
pc_gamer,PC gaming
perfumery,Perfumería
pet_shop,Mascotas
portateis_cozinha_e_preparadores_de_alimentos,Pequeño electrodoméstico de cocina
security_and_services,Seguridad y servicios
signaling_and_security,Señalización y seguridad
sin_categoria,Sin categoría
small_appliances,Pequeños electrodomésticos
small_appliances_home_oven_and_coffee,"Pequeño electrodoméstico: horno y café"
sports_leisure,Deporte y ocio
stationery,Papelería
tablets_printing_image,Tabletas e impresión
telephony,Telefonía
toys,Juguetes
watches_gifts,Relojes y regalos
